<?xml version="1.0" encoding="UTF-8" standalone="yes"?>
<settings>
    <device>
        <type>iphone</type>
        <certification>UAPMOBILE_DIS_299</certification>
        <sdk>
            <targetVersion>4.3</targetVersion>
        </sdk>
        <template>ios_simple_native_cordova</template>
        <iphoneIcon>
            <icon>/app.png</icon>
            <iconRetina>/app.png</iconRetina>
            <launch></launch>
            <launchRetina></launchRetina>
        </iphoneIcon>
        <ipadIcon/>
        <bundleId>com.ufida.uap.dsl</bundleId>
        <subTitle></subTitle>
        <weixin></weixin>
    </device>
    <buildEnv>        
        <property name="CFBundleIdentifier">com.yonyou.uap.mobile</property>
    </buildEnv>
    <build>
        <preInit></preInit>
        <preCompile></preCompile>
        <prePackage></prePackage>
        <preRelease></preRelease>
    </build>
    <parameters>
    	<parameter name="sandbox">false</parameter>
    </parameters>
    <plugins/>
</settings>
