<?xml version="1.0" encoding="UTF-8"?>

<config> 
  <sys-framework> 
    <framework/>  
    <framework>AVFoundation.framework</framework>
    <framework>CoreLocation.framework</framework>
    <framework>SystemConfiguration.framework</framework>
    <framework>MobileCoreServices.framework</framework>
    <framework>ImageIO.framework</framework>
    <framework>Security.framework</framework>
    <framework>CoreGraphics.framework</framework>
    <framework>AssetsLibrary.framework</framework>
  </sys-framework>  
  <delegate-classes> 
    <class/> 
  </delegate-classes>  
  <debugSettings> 
    <debug/>  
    <release/> 
  </debugSettings>  
  <urlscheme>summer1</urlscheme>  
  <apps> 
    <app>target1</app>  
    <app>target2</app> 
  </apps> 
</config>
