<?xml version="1.0" encoding="UTF-8" standalone="yes"?>
<settings>
    <device>
        <type>android</type>
        <certification>ump2</certification>
        <sdk>
            <minSdkVersion>8</minSdkVersion>
            <targetSdkVersion>10</targetSdkVersion>
            <maxSdkVersion>17</maxSdkVersion>
        </sdk>
        <template>androidordertemplate</template>
        <launcherIcon>
            <ldpi></ldpi>
            <mdpi></mdpi>
            <hdpi></hdpi>
            <xhdpi></xhdpi>
        </launcherIcon>
        <packageName>com.yonyou.seven</packageName>
    </device>
    <buildEnv>
        <property name="package.name">com.yonyou.seven</property>
    </buildEnv>
    <build>
        <preInit></preInit>
        <preCompile></preCompile>
        <prePackage></prePackage>
        <preRelease></preRelease>
    </build>
    <parameters>
    	<parameter name="reinforcement">false</parameter>
    	<parameter name="sandbox">false</parameter>
    </parameters>
    <plugins/>
    <user>
    	<name>chenbao</name>
    </user>
</settings>
